<annotation>
	<folder></folder>
	<filename>00bc0cacffdebe6b11bdeec56f63ee49_jpg.rf.59f0f02a28f020d480fd5d1d8aa32f6d.jpg</filename>
	<path>00bc0cacffdebe6b11bdeec56f63ee49_jpg.rf.59f0f02a28f020d480fd5d1d8aa32f6d.jpg</path>
	<source>
		<database>roboflow.ai</database>
	</source>
	<size>
		<width>416</width>
		<height>416</height>
		<depth>3</depth>
	</size>
	<segmented>0</segmented>
	<object>
		<name>black-queen</name>
		<pose>Unspecified</pose>
		<truncated>0</truncated>
		<difficult>0</difficult>
		<occluded>0</occluded>
		<bndbox>
			<xmin>205</xmin>
			<xmax>229</xmax>
			<ymin>62</ymin>
			<ymax>132</ymax>
		</bndbox>
	</object>
</annotation>
