<annotation>
	<folder></folder>
	<filename>0115e4df73475b550e5c6f7a88b2474f_jpg.rf.dfa577bd4af5440d689046c2f48bc48e.jpg</filename>
	<path>0115e4df73475b550e5c6f7a88b2474f_jpg.rf.dfa577bd4af5440d689046c2f48bc48e.jpg</path>
	<source>
		<database>roboflow.ai</database>
	</source>
	<size>
		<width>416</width>
		<height>416</height>
		<depth>3</depth>
	</size>
	<segmented>0</segmented>
	<object>
		<name>white-king</name>
		<pose>Unspecified</pose>
		<truncated>0</truncated>
		<difficult>0</difficult>
		<occluded>0</occluded>
		<bndbox>
			<xmin>201</xmin>
			<xmax>223</xmax>
			<ymin>0</ymin>
			<ymax>62</ymax>
		</bndbox>
	</object>
</annotation>
