<annotation>
	<folder></folder>
	<filename>02f0931b536dfba10affc3231a3d64fb_jpg.rf.7daf233a70122377355a36ca33e82aa4.jpg</filename>
	<path>02f0931b536dfba10affc3231a3d64fb_jpg.rf.7daf233a70122377355a36ca33e82aa4.jpg</path>
	<source>
		<database>roboflow.ai</database>
	</source>
	<size>
		<width>416</width>
		<height>416</height>
		<depth>3</depth>
	</size>
	<segmented>0</segmented>
	<object>
		<name>white-bishop</name>
		<pose>Unspecified</pose>
		<truncated>0</truncated>
		<difficult>0</difficult>
		<occluded>0</occluded>
		<bndbox>
			<xmin>211</xmin>
			<xmax>232</xmax>
			<ymin>152</ymin>
			<ymax>208</ymax>
		</bndbox>
	</object>
</annotation>
