<annotation>
	<folder></folder>
	<filename>0301b7f9ed4d5ba503fda79fc4370c29_jpg.rf.3ecfd27607406c9f46c1525efd39e17b.jpg</filename>
	<path>0301b7f9ed4d5ba503fda79fc4370c29_jpg.rf.3ecfd27607406c9f46c1525efd39e17b.jpg</path>
	<source>
		<database>roboflow.ai</database>
	</source>
	<size>
		<width>416</width>
		<height>416</height>
		<depth>3</depth>
	</size>
	<segmented>0</segmented>
	<object>
		<name>white-pawn</name>
		<pose>Unspecified</pose>
		<truncated>0</truncated>
		<difficult>0</difficult>
		<occluded>0</occluded>
		<bndbox>
			<xmin>175</xmin>
			<xmax>194</xmax>
			<ymin>209</ymin>
			<ymax>252</ymax>
		</bndbox>
	</object>
</annotation>
