<annotation>
	<folder></folder>
	<filename>03886821377011fec599e8fa12d86e89_jpg.rf.78d439f975872bc0120d597bd265684b.jpg</filename>
	<path>03886821377011fec599e8fa12d86e89_jpg.rf.78d439f975872bc0120d597bd265684b.jpg</path>
	<source>
		<database>roboflow.ai</database>
	</source>
	<size>
		<width>416</width>
		<height>416</height>
		<depth>3</depth>
	</size>
	<segmented>0</segmented>
	<object>
		<name>black-pawn</name>
		<pose>Unspecified</pose>
		<truncated>0</truncated>
		<difficult>0</difficult>
		<occluded>0</occluded>
		<bndbox>
			<xmin>212</xmin>
			<xmax>231</xmax>
			<ymin>167</ymin>
			<ymax>209</ymax>
		</bndbox>
	</object>
</annotation>
