<annotation>
	<folder></folder>
	<filename>055b79dd8db4c43e1a23be6095aaf624_jpg.rf.3eddea89d44864ecd7971d2827ee88df.jpg</filename>
	<path>055b79dd8db4c43e1a23be6095aaf624_jpg.rf.3eddea89d44864ecd7971d2827ee88df.jpg</path>
	<source>
		<database>roboflow.ai</database>
	</source>
	<size>
		<width>416</width>
		<height>416</height>
		<depth>3</depth>
	</size>
	<segmented>0</segmented>
	<object>
		<name>black-knight</name>
		<pose>Unspecified</pose>
		<truncated>0</truncated>
		<difficult>0</difficult>
		<occluded>0</occluded>
		<bndbox>
			<xmin>176</xmin>
			<xmax>203</xmax>
			<ymin>305</ymin>
			<ymax>360</ymax>
		</bndbox>
	</object>
</annotation>
