<annotation>
	<folder></folder>
	<filename>0798bfb058da59d189c1bfadcf814f29_jpg.rf.b73199953251d84e4895a862463b7964.jpg</filename>
	<path>0798bfb058da59d189c1bfadcf814f29_jpg.rf.b73199953251d84e4895a862463b7964.jpg</path>
	<source>
		<database>roboflow.ai</database>
	</source>
	<size>
		<width>416</width>
		<height>416</height>
		<depth>3</depth>
	</size>
	<segmented>0</segmented>
	<object>
		<name>white-king</name>
		<pose>Unspecified</pose>
		<truncated>0</truncated>
		<difficult>0</difficult>
		<occluded>0</occluded>
		<bndbox>
			<xmin>129</xmin>
			<xmax>157</xmax>
			<ymin>87</ymin>
			<ymax>170</ymax>
		</bndbox>
	</object>
</annotation>
