<annotation>
	<folder></folder>
	<filename>1b4ccdf7d5ff45dc6c3885243bde5af2_jpg.rf.c0b83419aa9e3c1b3b5a9cba2b9ea579.jpg</filename>
	<path>1b4ccdf7d5ff45dc6c3885243bde5af2_jpg.rf.c0b83419aa9e3c1b3b5a9cba2b9ea579.jpg</path>
	<source>
		<database>roboflow.ai</database>
	</source>
	<size>
		<width>416</width>
		<height>416</height>
		<depth>3</depth>
	</size>
	<segmented>0</segmented>
	<object>
		<name>white-king</name>
		<pose>Unspecified</pose>
		<truncated>0</truncated>
		<difficult>0</difficult>
		<occluded>0</occluded>
		<bndbox>
			<xmin>128</xmin>
			<xmax>157</xmax>
			<ymin>85</ymin>
			<ymax>169</ymax>
		</bndbox>
	</object>
	<object>
		<name>white-pawn</name>
		<pose>Unspecified</pose>
		<truncated>0</truncated>
		<difficult>0</difficult>
		<occluded>0</occluded>
		<bndbox>
			<xmin>92</xmin>
			<xmax>120</xmax>
			<ymin>251</ymin>
			<ymax>305</ymax>
		</bndbox>
	</object>
</annotation>
