<annotation>
	<folder></folder>
	<filename>22e74efb18b2d88fba63d25a61bf5f97_jpg.rf.91ebc978b333aae9ba2289e894ff95c3.jpg</filename>
	<path>22e74efb18b2d88fba63d25a61bf5f97_jpg.rf.91ebc978b333aae9ba2289e894ff95c3.jpg</path>
	<source>
		<database>roboflow.ai</database>
	</source>
	<size>
		<width>416</width>
		<height>416</height>
		<depth>3</depth>
	</size>
	<segmented>0</segmented>
	<object>
		<name>black-king</name>
		<pose>Unspecified</pose>
		<truncated>0</truncated>
		<difficult>0</difficult>
		<occluded>0</occluded>
		<bndbox>
			<xmin>302</xmin>
			<xmax>337</xmax>
			<ymin>79</ymin>
			<ymax>169</ymax>
		</bndbox>
	</object>
	<object>
		<name>black-rook</name>
		<pose>Unspecified</pose>
		<truncated>0</truncated>
		<difficult>0</difficult>
		<occluded>0</occluded>
		<bndbox>
			<xmin>225</xmin>
			<xmax>249</xmax>
			<ymin>8</ymin>
			<ymax>64</ymax>
		</bndbox>
	</object>
	<object>
		<name>black-bishop</name>
		<pose>Unspecified</pose>
		<truncated>0</truncated>
		<difficult>0</difficult>
		<occluded>0</occluded>
		<bndbox>
			<xmin>198</xmin>
			<xmax>226</xmax>
			<ymin>64</ymin>
			<ymax>129</ymax>
		</bndbox>
	</object>
	<object>
		<name>black-pawn</name>
		<pose>Unspecified</pose>
		<truncated>0</truncated>
		<difficult>0</difficult>
		<occluded>0</occluded>
		<bndbox>
			<xmin>272</xmin>
			<xmax>295</xmax>
			<ymin>118</ymin>
			<ymax>167</ymax>
		</bndbox>
	</object>
	<object>
		<name>black-pawn</name>
		<pose>Unspecified</pose>
		<truncated>0</truncated>
		<difficult>0</difficult>
		<occluded>0</occluded>
		<bndbox>
			<xmin>241</xmin>
			<xmax>265</xmax>
			<ymin>200</ymin>
			<ymax>250</ymax>
		</bndbox>
	</object>
	<object>
		<name>black-pawn</name>
		<pose>Unspecified</pose>
		<truncated>0</truncated>
		<difficult>0</difficult>
		<occluded>0</occluded>
		<bndbox>
			<xmin>214</xmin>
			<xmax>239</xmax>
			<ymin>249</ymin>
			<ymax>302</ymax>
		</bndbox>
	</object>
	<object>
		<name>black-pawn</name>
		<pose>Unspecified</pose>
		<truncated>0</truncated>
		<difficult>0</difficult>
		<occluded>0</occluded>
		<bndbox>
			<xmin>162</xmin>
			<xmax>186</xmax>
			<ymin>51</ymin>
			<ymax>100</ymax>
		</bndbox>
	</object>
	<object>
		<name>black-knight</name>
		<pose>Unspecified</pose>
		<truncated>0</truncated>
		<difficult>0</difficult>
		<occluded>0</occluded>
		<bndbox>
			<xmin>130</xmin>
			<xmax>160</xmax>
			<ymin>150</ymin>
			<ymax>214</ymax>
		</bndbox>
	</object>
	<object>
		<name>black-knight</name>
		<pose>Unspecified</pose>
		<truncated>0</truncated>
		<difficult>0</difficult>
		<occluded>0</occluded>
		<bndbox>
			<xmin>85</xmin>
			<xmax>116</xmax>
			<ymin>232</ymin>
			<ymax>299</ymax>
		</bndbox>
	</object>
	<object>
		<name>white-knight</name>
		<pose>Unspecified</pose>
		<truncated>0</truncated>
		<difficult>0</difficult>
		<occluded>0</occluded>
		<bndbox>
			<xmin>81</xmin>
			<xmax>113</xmax>
			<ymin>294</ymin>
			<ymax>358</ymax>
		</bndbox>
	</object>
	<object>
		<name>white-rook</name>
		<pose>Unspecified</pose>
		<truncated>0</truncated>
		<difficult>0</difficult>
		<occluded>0</occluded>
		<bndbox>
			<xmin>68</xmin>
			<xmax>95</xmax>
			<ymin>11</ymin>
			<ymax>64</ymax>
		</bndbox>
	</object>
	<object>
		<name>white-queen</name>
		<pose>Unspecified</pose>
		<truncated>0</truncated>
		<difficult>0</difficult>
		<occluded>0</occluded>
		<bndbox>
			<xmin>130</xmin>
			<xmax>158</xmax>
			<ymin>24</ymin>
			<ymax>98</ymax>
		</bndbox>
	</object>
	<object>
		<name>white-king</name>
		<pose>Unspecified</pose>
		<truncated>0</truncated>
		<difficult>0</difficult>
		<occluded>0</occluded>
		<bndbox>
			<xmin>51</xmin>
			<xmax>86</xmax>
			<ymin>85</ymin>
			<ymax>169</ymax>
		</bndbox>
	</object>
	<object>
		<name>white-bishop</name>
		<pose>Unspecified</pose>
		<truncated>0</truncated>
		<difficult>0</difficult>
		<occluded>0</occluded>
		<bndbox>
			<xmin>170</xmin>
			<xmax>195</xmax>
			<ymin>145</ymin>
			<ymax>211</ymax>
		</bndbox>
	</object>
	<object>
		<name>white-pawn</name>
		<pose>Unspecified</pose>
		<truncated>0</truncated>
		<difficult>0</difficult>
		<occluded>0</occluded>
		<bndbox>
			<xmin>135</xmin>
			<xmax>156</xmax>
			<ymin>113</ymin>
			<ymax>160</ymax>
		</bndbox>
	</object>
	<object>
		<name>white-pawn</name>
		<pose>Unspecified</pose>
		<truncated>0</truncated>
		<difficult>0</difficult>
		<occluded>0</occluded>
		<bndbox>
			<xmin>103</xmin>
			<xmax>126</xmax>
			<ymin>47</ymin>
			<ymax>92</ymax>
		</bndbox>
	</object>
	<object>
		<name>white-pawn</name>
		<pose>Unspecified</pose>
		<truncated>0</truncated>
		<difficult>0</difficult>
		<occluded>0</occluded>
		<bndbox>
			<xmin>96</xmin>
			<xmax>121</xmax>
			<ymin>115</ymin>
			<ymax>165</ymax>
		</bndbox>
	</object>
	<object>
		<name>white-pawn</name>
		<pose>Unspecified</pose>
		<truncated>0</truncated>
		<difficult>0</difficult>
		<occluded>0</occluded>
		<bndbox>
			<xmin>133</xmin>
			<xmax>161</xmax>
			<ymin>208</ymin>
			<ymax>260</ymax>
		</bndbox>
	</object>
</annotation>
