<annotation>
	<folder></folder>
	<filename>254f92b18b2a81f88b85e7aed3cabc61_jpg.rf.09fc82bf7878065eb6cad223e60f7f0b.jpg</filename>
	<path>254f92b18b2a81f88b85e7aed3cabc61_jpg.rf.09fc82bf7878065eb6cad223e60f7f0b.jpg</path>
	<source>
		<database>roboflow.ai</database>
	</source>
	<size>
		<width>416</width>
		<height>416</height>
		<depth>3</depth>
	</size>
	<segmented>0</segmented>
	<object>
		<name>white-knight</name>
		<pose>Unspecified</pose>
		<truncated>0</truncated>
		<difficult>0</difficult>
		<occluded>0</occluded>
		<bndbox>
			<xmin>338</xmin>
			<xmax>372</xmax>
			<ymin>300</ymin>
			<ymax>353</ymax>
		</bndbox>
	</object>
</annotation>
