<annotation>
	<folder></folder>
	<filename>2c32afd520cc8bf076dfa5b6e2e1c4c1_jpg.rf.c546a535eb5f3a68ed59a794c1faeb2a.jpg</filename>
	<path>2c32afd520cc8bf076dfa5b6e2e1c4c1_jpg.rf.c546a535eb5f3a68ed59a794c1faeb2a.jpg</path>
	<source>
		<database>roboflow.ai</database>
	</source>
	<size>
		<width>416</width>
		<height>416</height>
		<depth>3</depth>
	</size>
	<segmented>0</segmented>
	<object>
		<name>white-pawn</name>
		<pose>Unspecified</pose>
		<truncated>0</truncated>
		<difficult>0</difficult>
		<occluded>0</occluded>
		<bndbox>
			<xmin>175</xmin>
			<xmax>194</xmax>
			<ymin>164</ymin>
			<ymax>207</ymax>
		</bndbox>
	</object>
</annotation>
