<annotation>
	<folder></folder>
	<filename>2ee0fd0963465ba29d8f27c6e605c55d_jpg.rf.b0d9e857c9a56fc8077ea156fca40284.jpg</filename>
	<path>2ee0fd0963465ba29d8f27c6e605c55d_jpg.rf.b0d9e857c9a56fc8077ea156fca40284.jpg</path>
	<source>
		<database>roboflow.ai</database>
	</source>
	<size>
		<width>416</width>
		<height>416</height>
		<depth>3</depth>
	</size>
	<segmented>0</segmented>
	<object>
		<name>white-bishop</name>
		<pose>Unspecified</pose>
		<truncated>0</truncated>
		<difficult>0</difficult>
		<occluded>0</occluded>
		<bndbox>
			<xmin>219</xmin>
			<xmax>243</xmax>
			<ymin>300</ymin>
			<ymax>358</ymax>
		</bndbox>
	</object>
</annotation>
