<annotation>
	<folder></folder>
	<filename>3161933dffedf8a859d6623a99492c53_jpg.rf.9267abfc68d9bd6af1912b5d0319f36c.jpg</filename>
	<path>3161933dffedf8a859d6623a99492c53_jpg.rf.9267abfc68d9bd6af1912b5d0319f36c.jpg</path>
	<source>
		<database>roboflow.ai</database>
	</source>
	<size>
		<width>416</width>
		<height>416</height>
		<depth>3</depth>
	</size>
	<segmented>0</segmented>
	<object>
		<name>black-rook</name>
		<pose>Unspecified</pose>
		<truncated>0</truncated>
		<difficult>0</difficult>
		<occluded>0</occluded>
		<bndbox>
			<xmin>175</xmin>
			<xmax>198</xmax>
			<ymin>164</ymin>
			<ymax>215</ymax>
		</bndbox>
	</object>
</annotation>
