<annotation>
	<folder></folder>
	<filename>34ad1966ae7a17d4502ca141413ed8d2_jpg.rf.dd63137d1c9d6095c293b48a0b6f3334.jpg</filename>
	<path>34ad1966ae7a17d4502ca141413ed8d2_jpg.rf.dd63137d1c9d6095c293b48a0b6f3334.jpg</path>
	<source>
		<database>roboflow.ai</database>
	</source>
	<size>
		<width>416</width>
		<height>416</height>
		<depth>3</depth>
	</size>
	<segmented>0</segmented>
	<object>
		<name>white-queen</name>
		<pose>Unspecified</pose>
		<truncated>0</truncated>
		<difficult>0</difficult>
		<occluded>0</occluded>
		<bndbox>
			<xmin>209</xmin>
			<xmax>233</xmax>
			<ymin>140</ymin>
			<ymax>211</ymax>
		</bndbox>
	</object>
</annotation>
