<annotation>
	<folder></folder>
	<filename>3796db002cba7265bd32b0161ddd9127_jpg.rf.4f039ba64a8a26531c2b2861e04cfe7a.jpg</filename>
	<path>3796db002cba7265bd32b0161ddd9127_jpg.rf.4f039ba64a8a26531c2b2861e04cfe7a.jpg</path>
	<source>
		<database>roboflow.ai</database>
	</source>
	<size>
		<width>416</width>
		<height>416</height>
		<depth>3</depth>
	</size>
	<segmented>0</segmented>
	<object>
		<name>black-knight</name>
		<pose>Unspecified</pose>
		<truncated>0</truncated>
		<difficult>0</difficult>
		<occluded>0</occluded>
		<bndbox>
			<xmin>295</xmin>
			<xmax>317</xmax>
			<ymin>14</ymin>
			<ymax>63</ymax>
		</bndbox>
	</object>
</annotation>
