<annotation>
	<folder></folder>
	<filename>37fe05bcf7d8568a9e55b569afdbccbd_jpg.rf.369f4b4dbd105056aa23957cd4be1687.jpg</filename>
	<path>37fe05bcf7d8568a9e55b569afdbccbd_jpg.rf.369f4b4dbd105056aa23957cd4be1687.jpg</path>
	<source>
		<database>roboflow.ai</database>
	</source>
	<size>
		<width>416</width>
		<height>416</height>
		<depth>3</depth>
	</size>
	<segmented>0</segmented>
	<object>
		<name>black-knight</name>
		<pose>Unspecified</pose>
		<truncated>0</truncated>
		<difficult>0</difficult>
		<occluded>0</occluded>
		<bndbox>
			<xmin>173</xmin>
			<xmax>195</xmax>
			<ymin>79</ymin>
			<ymax>131</ymax>
		</bndbox>
	</object>
</annotation>
