<annotation>
	<folder></folder>
	<filename>38f26ee82e38d332b2a831aa47bd363b_jpg.rf.ce772b291dcc390ce7786ed11a493495.jpg</filename>
	<path>38f26ee82e38d332b2a831aa47bd363b_jpg.rf.ce772b291dcc390ce7786ed11a493495.jpg</path>
	<source>
		<database>roboflow.ai</database>
	</source>
	<size>
		<width>416</width>
		<height>416</height>
		<depth>3</depth>
	</size>
	<segmented>0</segmented>
	<object>
		<name>white-king</name>
		<pose>Unspecified</pose>
		<truncated>0</truncated>
		<difficult>0</difficult>
		<occluded>0</occluded>
		<bndbox>
			<xmin>206</xmin>
			<xmax>232</xmax>
			<ymin>91</ymin>
			<ymax>169</ymax>
		</bndbox>
	</object>
</annotation>
