<annotation>
	<folder></folder>
	<filename>47e842dd95735a11cf92c0ddf1161193_jpg.rf.563bd525e9210a59e275a565317b890f.jpg</filename>
	<path>47e842dd95735a11cf92c0ddf1161193_jpg.rf.563bd525e9210a59e275a565317b890f.jpg</path>
	<source>
		<database>roboflow.ai</database>
	</source>
	<size>
		<width>416</width>
		<height>416</height>
		<depth>3</depth>
	</size>
	<segmented>0</segmented>
	<object>
		<name>black-knight</name>
		<pose>Unspecified</pose>
		<truncated>0</truncated>
		<difficult>0</difficult>
		<occluded>0</occluded>
		<bndbox>
			<xmin>72</xmin>
			<xmax>96</xmax>
			<ymin>8</ymin>
			<ymax>58</ymax>
		</bndbox>
	</object>
</annotation>
