<annotation>
	<folder></folder>
	<filename>4807629b8df9c7eb4366b7feccd72e6a_jpg.rf.8586b4e2e824f8ee2e108a4a32592c9d.jpg</filename>
	<path>4807629b8df9c7eb4366b7feccd72e6a_jpg.rf.8586b4e2e824f8ee2e108a4a32592c9d.jpg</path>
	<source>
		<database>roboflow.ai</database>
	</source>
	<size>
		<width>416</width>
		<height>416</height>
		<depth>3</depth>
	</size>
	<segmented>0</segmented>
	<object>
		<name>black-knight</name>
		<pose>Unspecified</pose>
		<truncated>0</truncated>
		<difficult>0</difficult>
		<occluded>0</occluded>
		<bndbox>
			<xmin>206</xmin>
			<xmax>224</xmax>
			<ymin>11</ymin>
			<ymax>64</ymax>
		</bndbox>
	</object>
</annotation>
