<annotation>
	<folder></folder>
	<filename>49f78dc9aaeadd0c76ed2def75c358f3_jpg.rf.ebe11640761df4735fa11bf2516c7967.jpg</filename>
	<path>49f78dc9aaeadd0c76ed2def75c358f3_jpg.rf.ebe11640761df4735fa11bf2516c7967.jpg</path>
	<source>
		<database>roboflow.ai</database>
	</source>
	<size>
		<width>416</width>
		<height>416</height>
		<depth>3</depth>
	</size>
	<segmented>0</segmented>
	<object>
		<name>black-king</name>
		<pose>Unspecified</pose>
		<truncated>0</truncated>
		<difficult>0</difficult>
		<occluded>0</occluded>
		<bndbox>
			<xmin>174</xmin>
			<xmax>201</xmax>
			<ymin>227</ymin>
			<ymax>306</ymax>
		</bndbox>
	</object>
</annotation>
