<annotation>
	<folder></folder>
	<filename>4ae38537a74c5ed10d5223f8066659fc_jpg.rf.4fef5c4efc7522714a483c38502f21f2.jpg</filename>
	<path>4ae38537a74c5ed10d5223f8066659fc_jpg.rf.4fef5c4efc7522714a483c38502f21f2.jpg</path>
	<source>
		<database>roboflow.ai</database>
	</source>
	<size>
		<width>416</width>
		<height>416</height>
		<depth>3</depth>
	</size>
	<segmented>0</segmented>
	<object>
		<name>white-rook</name>
		<pose>Unspecified</pose>
		<truncated>0</truncated>
		<difficult>0</difficult>
		<occluded>0</occluded>
		<bndbox>
			<xmin>175</xmin>
			<xmax>197</xmax>
			<ymin>120</ymin>
			<ymax>168</ymax>
		</bndbox>
	</object>
</annotation>
