<annotation>
	<folder></folder>
	<filename>4bf38c062fa7b5796d15ba90d6c3a456_jpg.rf.47d09ca58c3f5cb00e286ed52ab6f29a.jpg</filename>
	<path>4bf38c062fa7b5796d15ba90d6c3a456_jpg.rf.47d09ca58c3f5cb00e286ed52ab6f29a.jpg</path>
	<source>
		<database>roboflow.ai</database>
	</source>
	<size>
		<width>416</width>
		<height>416</height>
		<depth>3</depth>
	</size>
	<segmented>0</segmented>
	<object>
		<name>white-rook</name>
		<pose>Unspecified</pose>
		<truncated>0</truncated>
		<difficult>0</difficult>
		<occluded>0</occluded>
		<bndbox>
			<xmin>173</xmin>
			<xmax>193</xmax>
			<ymin>45</ymin>
			<ymax>93</ymax>
		</bndbox>
	</object>
</annotation>
