<annotation>
	<folder></folder>
	<filename>59727dce26aaa6100078810b61404069_jpg.rf.7c04dbe505cf1bd214e4f491e3a395af.jpg</filename>
	<path>59727dce26aaa6100078810b61404069_jpg.rf.7c04dbe505cf1bd214e4f491e3a395af.jpg</path>
	<source>
		<database>roboflow.ai</database>
	</source>
	<size>
		<width>416</width>
		<height>416</height>
		<depth>3</depth>
	</size>
	<segmented>0</segmented>
	<object>
		<name>black-queen</name>
		<pose>Unspecified</pose>
		<truncated>0</truncated>
		<difficult>0</difficult>
		<occluded>0</occluded>
		<bndbox>
			<xmin>208</xmin>
			<xmax>231</xmax>
			<ymin>100</ymin>
			<ymax>170</ymax>
		</bndbox>
	</object>
</annotation>
