<annotation>
	<folder></folder>
	<filename>5e71cb8d41c333a18e799ef0004b040c_jpg.rf.d65a0847e82174366d01e29a636074e6.jpg</filename>
	<path>5e71cb8d41c333a18e799ef0004b040c_jpg.rf.d65a0847e82174366d01e29a636074e6.jpg</path>
	<source>
		<database>roboflow.ai</database>
	</source>
	<size>
		<width>416</width>
		<height>416</height>
		<depth>3</depth>
	</size>
	<segmented>0</segmented>
	<object>
		<name>black-bishop</name>
		<pose>Unspecified</pose>
		<truncated>0</truncated>
		<difficult>0</difficult>
		<occluded>0</occluded>
		<bndbox>
			<xmin>177</xmin>
			<xmax>201</xmax>
			<ymin>299</ymin>
			<ymax>356</ymax>
		</bndbox>
	</object>
</annotation>
