<annotation>
	<folder></folder>
	<filename>614811e933a680fd6535ac8bf06bf530_jpg.rf.0b9ea19fb73269b21cf021c584b84aeb.jpg</filename>
	<path>614811e933a680fd6535ac8bf06bf530_jpg.rf.0b9ea19fb73269b21cf021c584b84aeb.jpg</path>
	<source>
		<database>roboflow.ai</database>
	</source>
	<size>
		<width>416</width>
		<height>416</height>
		<depth>3</depth>
	</size>
	<segmented>0</segmented>
	<object>
		<name>black-bishop</name>
		<pose>Unspecified</pose>
		<truncated>0</truncated>
		<difficult>0</difficult>
		<occluded>0</occluded>
		<bndbox>
			<xmin>174</xmin>
			<xmax>196</xmax>
			<ymin>153</ymin>
			<ymax>210</ymax>
		</bndbox>
	</object>
</annotation>
