<annotation>
	<folder></folder>
	<filename>6179b463c8f503445e213b706d2a4de5_jpg.rf.22c6e0d7cc69bbceddc0ed8a8b0e0bc5.jpg</filename>
	<path>6179b463c8f503445e213b706d2a4de5_jpg.rf.22c6e0d7cc69bbceddc0ed8a8b0e0bc5.jpg</path>
	<source>
		<database>roboflow.ai</database>
	</source>
	<size>
		<width>416</width>
		<height>416</height>
		<depth>3</depth>
	</size>
	<segmented>0</segmented>
	<object>
		<name>white-rook</name>
		<pose>Unspecified</pose>
		<truncated>0</truncated>
		<difficult>0</difficult>
		<occluded>0</occluded>
		<bndbox>
			<xmin>175</xmin>
			<xmax>198</xmax>
			<ymin>203</ymin>
			<ymax>254</ymax>
		</bndbox>
	</object>
</annotation>
