<annotation>
	<folder></folder>
	<filename>673bcd0d44f495fbe9dd88d5cacfceb3_jpg.rf.4f36394a6dc154067ad4da04cf503df8.jpg</filename>
	<path>673bcd0d44f495fbe9dd88d5cacfceb3_jpg.rf.4f36394a6dc154067ad4da04cf503df8.jpg</path>
	<source>
		<database>roboflow.ai</database>
	</source>
	<size>
		<width>416</width>
		<height>416</height>
		<depth>3</depth>
	</size>
	<segmented>0</segmented>
	<object>
		<name>white-queen</name>
		<pose>Unspecified</pose>
		<truncated>0</truncated>
		<difficult>0</difficult>
		<occluded>0</occluded>
		<bndbox>
			<xmin>203</xmin>
			<xmax>223</xmax>
			<ymin>0</ymin>
			<ymax>62</ymax>
		</bndbox>
	</object>
</annotation>
