<annotation>
	<folder></folder>
	<filename>699edbacbfee5e6d4d6d2189bc88990a_jpg.rf.21253a833a9f17c4391a96e64b279fd9.jpg</filename>
	<path>699edbacbfee5e6d4d6d2189bc88990a_jpg.rf.21253a833a9f17c4391a96e64b279fd9.jpg</path>
	<source>
		<database>roboflow.ai</database>
	</source>
	<size>
		<width>416</width>
		<height>416</height>
		<depth>3</depth>
	</size>
	<segmented>0</segmented>
	<object>
		<name>black-knight</name>
		<pose>Unspecified</pose>
		<truncated>0</truncated>
		<difficult>0</difficult>
		<occluded>0</occluded>
		<bndbox>
			<xmin>175</xmin>
			<xmax>198</xmax>
			<ymin>196</ymin>
			<ymax>255</ymax>
		</bndbox>
	</object>
</annotation>
