<annotation>
	<folder></folder>
	<filename>6bb6f7cb96bf37230681d12ff7882f61_jpg.rf.b1255adcc94141477b7d089a0b9ebf42.jpg</filename>
	<path>6bb6f7cb96bf37230681d12ff7882f61_jpg.rf.b1255adcc94141477b7d089a0b9ebf42.jpg</path>
	<source>
		<database>roboflow.ai</database>
	</source>
	<size>
		<width>416</width>
		<height>416</height>
		<depth>3</depth>
	</size>
	<segmented>0</segmented>
	<object>
		<name>black-knight</name>
		<pose>Unspecified</pose>
		<truncated>0</truncated>
		<difficult>0</difficult>
		<occluded>0</occluded>
		<bndbox>
			<xmin>251</xmin>
			<xmax>276</xmax>
			<ymin>198</ymin>
			<ymax>254</ymax>
		</bndbox>
	</object>
</annotation>
