<annotation>
	<folder></folder>
	<filename>76e118acf05a8ebe06957f8882cc06aa_jpg.rf.6170a8b5a9733bae0c02d0ca375bde10.jpg</filename>
	<path>76e118acf05a8ebe06957f8882cc06aa_jpg.rf.6170a8b5a9733bae0c02d0ca375bde10.jpg</path>
	<source>
		<database>roboflow.ai</database>
	</source>
	<size>
		<width>416</width>
		<height>416</height>
		<depth>3</depth>
	</size>
	<segmented>0</segmented>
	<object>
		<name>black-king</name>
		<pose>Unspecified</pose>
		<truncated>0</truncated>
		<difficult>0</difficult>
		<occluded>0</occluded>
		<bndbox>
			<xmin>174</xmin>
			<xmax>203</xmax>
			<ymin>279</ymin>
			<ymax>361</ymax>
		</bndbox>
	</object>
</annotation>
