<annotation>
	<folder></folder>
	<filename>79e744a68d6e6f83be0a9e8761ea66a4_jpg.rf.d796c3ba698ebf673f0d3fc42062e20c.jpg</filename>
	<path>79e744a68d6e6f83be0a9e8761ea66a4_jpg.rf.d796c3ba698ebf673f0d3fc42062e20c.jpg</path>
	<source>
		<database>roboflow.ai</database>
	</source>
	<size>
		<width>416</width>
		<height>416</height>
		<depth>3</depth>
	</size>
	<segmented>0</segmented>
	<object>
		<name>black-queen</name>
		<pose>Unspecified</pose>
		<truncated>0</truncated>
		<difficult>0</difficult>
		<occluded>0</occluded>
		<bndbox>
			<xmin>210</xmin>
			<xmax>234</xmax>
			<ymin>142</ymin>
			<ymax>212</ymax>
		</bndbox>
	</object>
</annotation>
