<annotation>
	<folder></folder>
	<filename>80c787b97ed3e2b4befd6b11aa2fba37_jpg.rf.b7e9d028eb34400c5d239b57639e086e.jpg</filename>
	<path>80c787b97ed3e2b4befd6b11aa2fba37_jpg.rf.b7e9d028eb34400c5d239b57639e086e.jpg</path>
	<source>
		<database>roboflow.ai</database>
	</source>
	<size>
		<width>416</width>
		<height>416</height>
		<depth>3</depth>
	</size>
	<segmented>0</segmented>
	<object>
		<name>black-king</name>
		<pose>Unspecified</pose>
		<truncated>0</truncated>
		<difficult>0</difficult>
		<occluded>0</occluded>
		<bndbox>
			<xmin>305</xmin>
			<xmax>342</xmax>
			<ymin>89</ymin>
			<ymax>177</ymax>
		</bndbox>
	</object>
	<object>
		<name>white-rook</name>
		<pose>Unspecified</pose>
		<truncated>0</truncated>
		<difficult>0</difficult>
		<occluded>0</occluded>
		<bndbox>
			<xmin>292</xmin>
			<xmax>319</xmax>
			<ymin>42</ymin>
			<ymax>100</ymax>
		</bndbox>
	</object>
	<object>
		<name>white-pawn</name>
		<pose>Unspecified</pose>
		<truncated>0</truncated>
		<difficult>0</difficult>
		<occluded>0</occluded>
		<bndbox>
			<xmin>135</xmin>
			<xmax>162</xmax>
			<ymin>210</ymin>
			<ymax>260</ymax>
		</bndbox>
	</object>
	<object>
		<name>white-king</name>
		<pose>Unspecified</pose>
		<truncated>0</truncated>
		<difficult>0</difficult>
		<occluded>0</occluded>
		<bndbox>
			<xmin>50</xmin>
			<xmax>89</xmax>
			<ymin>124</ymin>
			<ymax>214</ymax>
		</bndbox>
	</object>
	<object>
		<name>white-pawn</name>
		<pose>Unspecified</pose>
		<truncated>0</truncated>
		<difficult>0</difficult>
		<occluded>0</occluded>
		<bndbox>
			<xmin>96</xmin>
			<xmax>121</xmax>
			<ymin>118</ymin>
			<ymax>167</ymax>
		</bndbox>
	</object>
	<object>
		<name>black-rook</name>
		<pose>Unspecified</pose>
		<truncated>0</truncated>
		<difficult>0</difficult>
		<occluded>0</occluded>
		<bndbox>
			<xmin>65</xmin>
			<xmax>93</xmax>
			<ymin>32</ymin>
			<ymax>90</ymax>
		</bndbox>
	</object>
	<object>
		<name>black-pawn</name>
		<pose>Unspecified</pose>
		<truncated>0</truncated>
		<difficult>0</difficult>
		<occluded>0</occluded>
		<bndbox>
			<xmin>131</xmin>
			<xmax>157</xmax>
			<ymin>159</ymin>
			<ymax>206</ymax>
		</bndbox>
	</object>
	<object>
		<name>black-pawn</name>
		<pose>Unspecified</pose>
		<truncated>0</truncated>
		<difficult>0</difficult>
		<occluded>0</occluded>
		<bndbox>
			<xmin>210</xmin>
			<xmax>239</xmax>
			<ymin>249</ymin>
			<ymax>306</ymax>
		</bndbox>
	</object>
	<object>
		<name>black-pawn</name>
		<pose>Unspecified</pose>
		<truncated>0</truncated>
		<difficult>0</difficult>
		<occluded>0</occluded>
		<bndbox>
			<xmin>232</xmin>
			<xmax>258</xmax>
			<ymin>118</ymin>
			<ymax>169</ymax>
		</bndbox>
	</object>
</annotation>
