<annotation>
	<folder></folder>
	<filename>8d6f722eadc015a393bd490f9b7a85e6_jpg.rf.651f72c0d06342bd6e79bff0aeea8fd2.jpg</filename>
	<path>8d6f722eadc015a393bd490f9b7a85e6_jpg.rf.651f72c0d06342bd6e79bff0aeea8fd2.jpg</path>
	<source>
		<database>roboflow.ai</database>
	</source>
	<size>
		<width>416</width>
		<height>416</height>
		<depth>3</depth>
	</size>
	<segmented>0</segmented>
	<object>
		<name>white-king</name>
		<pose>Unspecified</pose>
		<truncated>0</truncated>
		<difficult>0</difficult>
		<occluded>0</occluded>
		<bndbox>
			<xmin>128</xmin>
			<xmax>156</xmax>
			<ymin>88</ymin>
			<ymax>169</ymax>
		</bndbox>
	</object>
	<object>
		<name>black-king</name>
		<pose>Unspecified</pose>
		<truncated>0</truncated>
		<difficult>0</difficult>
		<occluded>0</occluded>
		<bndbox>
			<xmin>205</xmin>
			<xmax>236</xmax>
			<ymin>171</ymin>
			<ymax>255</ymax>
		</bndbox>
	</object>
	<object>
		<name>white-pawn</name>
		<pose>Unspecified</pose>
		<truncated>0</truncated>
		<difficult>0</difficult>
		<occluded>0</occluded>
		<bndbox>
			<xmin>94</xmin>
			<xmax>118</xmax>
			<ymin>254</ymin>
			<ymax>303</ymax>
		</bndbox>
	</object>
</annotation>
