<annotation>
	<folder></folder>
	<filename>8d796de64b9eed1ffd5ebe550d4ca807_jpg.rf.7a9a939f45b77b1804da67fbb088c795.jpg</filename>
	<path>8d796de64b9eed1ffd5ebe550d4ca807_jpg.rf.7a9a939f45b77b1804da67fbb088c795.jpg</path>
	<source>
		<database>roboflow.ai</database>
	</source>
	<size>
		<width>416</width>
		<height>416</height>
		<depth>3</depth>
	</size>
	<segmented>0</segmented>
	<object>
		<name>white-knight</name>
		<pose>Unspecified</pose>
		<truncated>0</truncated>
		<difficult>0</difficult>
		<occluded>0</occluded>
		<bndbox>
			<xmin>72</xmin>
			<xmax>97</xmax>
			<ymin>6</ymin>
			<ymax>58</ymax>
		</bndbox>
	</object>
</annotation>
