<annotation>
	<folder></folder>
	<filename>8dd12470c30e3b265e8933a6fee7ad28_jpg.rf.84b8584b870b790d4f5d40bdd24c1af4.jpg</filename>
	<path>8dd12470c30e3b265e8933a6fee7ad28_jpg.rf.84b8584b870b790d4f5d40bdd24c1af4.jpg</path>
	<source>
		<database>roboflow.ai</database>
	</source>
	<size>
		<width>416</width>
		<height>416</height>
		<depth>3</depth>
	</size>
	<segmented>0</segmented>
	<object>
		<name>white-knight</name>
		<pose>Unspecified</pose>
		<truncated>0</truncated>
		<difficult>0</difficult>
		<occluded>0</occluded>
		<bndbox>
			<xmin>203</xmin>
			<xmax>223</xmax>
			<ymin>7</ymin>
			<ymax>61</ymax>
		</bndbox>
	</object>
</annotation>
