<annotation>
	<folder></folder>
	<filename>9146a6989dac08f1769e677064ebfb49_jpg.rf.adc60b60fd2041dbb3102a4561edf7b6.jpg</filename>
	<path>9146a6989dac08f1769e677064ebfb49_jpg.rf.adc60b60fd2041dbb3102a4561edf7b6.jpg</path>
	<source>
		<database>roboflow.ai</database>
	</source>
	<size>
		<width>416</width>
		<height>416</height>
		<depth>3</depth>
	</size>
	<segmented>0</segmented>
	<object>
		<name>black-bishop</name>
		<pose>Unspecified</pose>
		<truncated>0</truncated>
		<difficult>0</difficult>
		<occluded>0</occluded>
		<bndbox>
			<xmin>176</xmin>
			<xmax>198</xmax>
			<ymin>195</ymin>
			<ymax>253</ymax>
		</bndbox>
	</object>
</annotation>
