<annotation>
	<folder></folder>
	<filename>92992ff9c823e0420bf17e71db9ef4ef_jpg.rf.a9c86b7daee5c7b1977507f760cdd7e8.jpg</filename>
	<path>92992ff9c823e0420bf17e71db9ef4ef_jpg.rf.a9c86b7daee5c7b1977507f760cdd7e8.jpg</path>
	<source>
		<database>roboflow.ai</database>
	</source>
	<size>
		<width>416</width>
		<height>416</height>
		<depth>3</depth>
	</size>
	<segmented>0</segmented>
	<object>
		<name>white-knight</name>
		<pose>Unspecified</pose>
		<truncated>0</truncated>
		<difficult>0</difficult>
		<occluded>0</occluded>
		<bndbox>
			<xmin>214</xmin>
			<xmax>238</xmax>
			<ymin>243</ymin>
			<ymax>303</ymax>
		</bndbox>
	</object>
</annotation>
