<annotation>
	<folder></folder>
	<filename>998222d9c93f1640829d4f0032dbf3e8_jpg.rf.dfdbeef166796c8f4327b3a456ca1cfe.jpg</filename>
	<path>998222d9c93f1640829d4f0032dbf3e8_jpg.rf.dfdbeef166796c8f4327b3a456ca1cfe.jpg</path>
	<source>
		<database>roboflow.ai</database>
	</source>
	<size>
		<width>416</width>
		<height>416</height>
		<depth>3</depth>
	</size>
	<segmented>0</segmented>
	<object>
		<name>white-knight</name>
		<pose>Unspecified</pose>
		<truncated>0</truncated>
		<difficult>0</difficult>
		<occluded>0</occluded>
		<bndbox>
			<xmin>139</xmin>
			<xmax>161</xmax>
			<ymin>75</ymin>
			<ymax>128</ymax>
		</bndbox>
	</object>
</annotation>
