<annotation>
	<folder></folder>
	<filename>99ee6574b2a7afc0bb06269bbcf49a4c_jpg.rf.693e8999d9c962ab16c457b2225359f0.jpg</filename>
	<path>99ee6574b2a7afc0bb06269bbcf49a4c_jpg.rf.693e8999d9c962ab16c457b2225359f0.jpg</path>
	<source>
		<database>roboflow.ai</database>
	</source>
	<size>
		<width>416</width>
		<height>416</height>
		<depth>3</depth>
	</size>
	<segmented>0</segmented>
	<object>
		<name>black-knight</name>
		<pose>Unspecified</pose>
		<truncated>0</truncated>
		<difficult>0</difficult>
		<occluded>0</occluded>
		<bndbox>
			<xmin>207</xmin>
			<xmax>227</xmax>
			<ymin>44</ymin>
			<ymax>98</ymax>
		</bndbox>
	</object>
</annotation>
