<annotation>
	<folder></folder>
	<filename>9a6b61a6d3b3e3ecddc201b097aa02d1_jpg.rf.3903667901a40aedda2c42c43502d96b.jpg</filename>
	<path>9a6b61a6d3b3e3ecddc201b097aa02d1_jpg.rf.3903667901a40aedda2c42c43502d96b.jpg</path>
	<source>
		<database>roboflow.ai</database>
	</source>
	<size>
		<width>416</width>
		<height>416</height>
		<depth>3</depth>
	</size>
	<segmented>0</segmented>
	<object>
		<name>black-bishop</name>
		<pose>Unspecified</pose>
		<truncated>0</truncated>
		<difficult>0</difficult>
		<occluded>0</occluded>
		<bndbox>
			<xmin>172</xmin>
			<xmax>190</xmax>
			<ymin>7</ymin>
			<ymax>61</ymax>
		</bndbox>
	</object>
</annotation>
