<annotation>
	<folder></folder>
	<filename>9c153a9c9798dab948d4260eb109b315_jpg.rf.04a431391f78af71e5ebaf9d51d91faf.jpg</filename>
	<path>9c153a9c9798dab948d4260eb109b315_jpg.rf.04a431391f78af71e5ebaf9d51d91faf.jpg</path>
	<source>
		<database>roboflow.ai</database>
	</source>
	<size>
		<width>416</width>
		<height>416</height>
		<depth>3</depth>
	</size>
	<segmented>0</segmented>
	<object>
		<name>white-knight</name>
		<pose>Unspecified</pose>
		<truncated>0</truncated>
		<difficult>0</difficult>
		<occluded>0</occluded>
		<bndbox>
			<xmin>311</xmin>
			<xmax>337</xmax>
			<ymin>115</ymin>
			<ymax>169</ymax>
		</bndbox>
	</object>
</annotation>
