<annotation>
	<folder></folder>
	<filename>9e943906fba1ec89edfacb2dd7976504_jpg.rf.9702132e48df03814384024ca7313212.jpg</filename>
	<path>9e943906fba1ec89edfacb2dd7976504_jpg.rf.9702132e48df03814384024ca7313212.jpg</path>
	<source>
		<database>roboflow.ai</database>
	</source>
	<size>
		<width>416</width>
		<height>416</height>
		<depth>3</depth>
	</size>
	<segmented>0</segmented>
	<object>
		<name>black-knight</name>
		<pose>Unspecified</pose>
		<truncated>0</truncated>
		<difficult>0</difficult>
		<occluded>0</occluded>
		<bndbox>
			<xmin>172</xmin>
			<xmax>194</xmax>
			<ymin>12</ymin>
			<ymax>64</ymax>
		</bndbox>
	</object>
</annotation>
