<annotation>
	<folder></folder>
	<filename>a932287da44b9dfacd0d16a5c1d27923_jpg.rf.5d4b7b1e6f3b0033a85c6fa52a0dbeef.jpg</filename>
	<path>a932287da44b9dfacd0d16a5c1d27923_jpg.rf.5d4b7b1e6f3b0033a85c6fa52a0dbeef.jpg</path>
	<source>
		<database>roboflow.ai</database>
	</source>
	<size>
		<width>416</width>
		<height>416</height>
		<depth>3</depth>
	</size>
	<segmented>0</segmented>
	<object>
		<name>white-knight</name>
		<pose>Unspecified</pose>
		<truncated>0</truncated>
		<difficult>0</difficult>
		<occluded>0</occluded>
		<bndbox>
			<xmin>48</xmin>
			<xmax>76</xmax>
			<ymin>300</ymin>
			<ymax>363</ymax>
		</bndbox>
	</object>
</annotation>
