<annotation>
	<folder></folder>
	<filename>a9768de3fceeeae2618f362870fb9a88_jpg.rf.f08a04590fba92deafdb3def03e97c44.jpg</filename>
	<path>a9768de3fceeeae2618f362870fb9a88_jpg.rf.f08a04590fba92deafdb3def03e97c44.jpg</path>
	<source>
		<database>roboflow.ai</database>
	</source>
	<size>
		<width>416</width>
		<height>416</height>
		<depth>3</depth>
	</size>
	<segmented>0</segmented>
	<object>
		<name>black-queen</name>
		<pose>Unspecified</pose>
		<truncated>0</truncated>
		<difficult>0</difficult>
		<occluded>0</occluded>
		<bndbox>
			<xmin>314</xmin>
			<xmax>346</xmax>
			<ymin>132</ymin>
			<ymax>205</ymax>
		</bndbox>
	</object>
	<object>
		<name>black-king</name>
		<pose>Unspecified</pose>
		<truncated>0</truncated>
		<difficult>0</difficult>
		<occluded>0</occluded>
		<bndbox>
			<xmin>305</xmin>
			<xmax>336</xmax>
			<ymin>89</ymin>
			<ymax>164</ymax>
		</bndbox>
	</object>
	<object>
		<name>black-knight</name>
		<pose>Unspecified</pose>
		<truncated>0</truncated>
		<difficult>0</difficult>
		<occluded>0</occluded>
		<bndbox>
			<xmin>305</xmin>
			<xmax>333</xmax>
			<ymin>77</ymin>
			<ymax>127</ymax>
		</bndbox>
	</object>
	<object>
		<name>black-knight</name>
		<pose>Unspecified</pose>
		<truncated>0</truncated>
		<difficult>0</difficult>
		<occluded>0</occluded>
		<bndbox>
			<xmin>323</xmin>
			<xmax>355</xmax>
			<ymin>200</ymin>
			<ymax>250</ymax>
		</bndbox>
	</object>
	<object>
		<name>black-bishop</name>
		<pose>Unspecified</pose>
		<truncated>0</truncated>
		<difficult>0</difficult>
		<occluded>0</occluded>
		<bndbox>
			<xmin>299</xmin>
			<xmax>320</xmax>
			<ymin>37</ymin>
			<ymax>93</ymax>
		</bndbox>
	</object>
	<object>
		<name>black-bishop</name>
		<pose>Unspecified</pose>
		<truncated>0</truncated>
		<difficult>0</difficult>
		<occluded>0</occluded>
		<bndbox>
			<xmin>329</xmin>
			<xmax>356</xmax>
			<ymin>245</ymin>
			<ymax>300</ymax>
		</bndbox>
	</object>
	<object>
		<name>black-rook</name>
		<pose>Unspecified</pose>
		<truncated>0</truncated>
		<difficult>0</difficult>
		<occluded>0</occluded>
		<bndbox>
			<xmin>290</xmin>
			<xmax>313</xmax>
			<ymin>8</ymin>
			<ymax>60</ymax>
		</bndbox>
	</object>
	<object>
		<name>black-rook</name>
		<pose>Unspecified</pose>
		<truncated>0</truncated>
		<difficult>0</difficult>
		<occluded>0</occluded>
		<bndbox>
			<xmin>337</xmin>
			<xmax>369</xmax>
			<ymin>300</ymin>
			<ymax>354</ymax>
		</bndbox>
	</object>
	<object>
		<name>black-pawn</name>
		<pose>Unspecified</pose>
		<truncated>0</truncated>
		<difficult>0</difficult>
		<occluded>0</occluded>
		<bndbox>
			<xmin>297</xmin>
			<xmax>322</xmax>
			<ymin>304</ymin>
			<ymax>350</ymax>
		</bndbox>
	</object>
	<object>
		<name>black-pawn</name>
		<pose>Unspecified</pose>
		<truncated>0</truncated>
		<difficult>0</difficult>
		<occluded>0</occluded>
		<bndbox>
			<xmin>288</xmin>
			<xmax>314</xmax>
			<ymin>245</ymin>
			<ymax>292</ymax>
		</bndbox>
	</object>
	<object>
		<name>black-pawn</name>
		<pose>Unspecified</pose>
		<truncated>0</truncated>
		<difficult>0</difficult>
		<occluded>0</occluded>
		<bndbox>
			<xmin>279</xmin>
			<xmax>301</xmax>
			<ymin>204</ymin>
			<ymax>247</ymax>
		</bndbox>
	</object>
	<object>
		<name>black-pawn</name>
		<pose>Unspecified</pose>
		<truncated>0</truncated>
		<difficult>0</difficult>
		<occluded>0</occluded>
		<bndbox>
			<xmin>278</xmin>
			<xmax>300</xmax>
			<ymin>158</ymin>
			<ymax>199</ymax>
		</bndbox>
	</object>
	<object>
		<name>black-pawn</name>
		<pose>Unspecified</pose>
		<truncated>0</truncated>
		<difficult>0</difficult>
		<occluded>0</occluded>
		<bndbox>
			<xmin>275</xmin>
			<xmax>295</xmax>
			<ymin>123</ymin>
			<ymax>164</ymax>
		</bndbox>
	</object>
	<object>
		<name>black-pawn</name>
		<pose>Unspecified</pose>
		<truncated>0</truncated>
		<difficult>0</difficult>
		<occluded>0</occluded>
		<bndbox>
			<xmin>272</xmin>
			<xmax>292</xmax>
			<ymin>90</ymin>
			<ymax>132</ymax>
		</bndbox>
	</object>
	<object>
		<name>black-pawn</name>
		<pose>Unspecified</pose>
		<truncated>0</truncated>
		<difficult>0</difficult>
		<occluded>0</occluded>
		<bndbox>
			<xmin>266</xmin>
			<xmax>283</xmax>
			<ymin>53</ymin>
			<ymax>93</ymax>
		</bndbox>
	</object>
	<object>
		<name>black-pawn</name>
		<pose>Unspecified</pose>
		<truncated>0</truncated>
		<difficult>0</difficult>
		<occluded>0</occluded>
		<bndbox>
			<xmin>264</xmin>
			<xmax>281</xmax>
			<ymin>17</ymin>
			<ymax>59</ymax>
		</bndbox>
	</object>
	<object>
		<name>white-queen</name>
		<pose>Unspecified</pose>
		<truncated>0</truncated>
		<difficult>0</difficult>
		<occluded>0</occluded>
		<bndbox>
			<xmin>60</xmin>
			<xmax>87</xmax>
			<ymin>99</ymin>
			<ymax>170</ymax>
		</bndbox>
	</object>
	<object>
		<name>white-king</name>
		<pose>Unspecified</pose>
		<truncated>0</truncated>
		<difficult>0</difficult>
		<occluded>0</occluded>
		<bndbox>
			<xmin>52</xmin>
			<xmax>82</xmax>
			<ymin>128</ymin>
			<ymax>209</ymax>
		</bndbox>
	</object>
	<object>
		<name>white-knight</name>
		<pose>Unspecified</pose>
		<truncated>0</truncated>
		<difficult>0</difficult>
		<occluded>0</occluded>
		<bndbox>
			<xmin>58</xmin>
			<xmax>85</xmax>
			<ymin>78</ymin>
			<ymax>125</ymax>
		</bndbox>
	</object>
	<object>
		<name>white-knight</name>
		<pose>Unspecified</pose>
		<truncated>0</truncated>
		<difficult>0</difficult>
		<occluded>0</occluded>
		<bndbox>
			<xmin>52</xmin>
			<xmax>80</xmax>
			<ymin>199</ymin>
			<ymax>254</ymax>
		</bndbox>
	</object>
	<object>
		<name>white-bishop</name>
		<pose>Unspecified</pose>
		<truncated>0</truncated>
		<difficult>0</difficult>
		<occluded>0</occluded>
		<bndbox>
			<xmin>66</xmin>
			<xmax>89</xmax>
			<ymin>34</ymin>
			<ymax>90</ymax>
		</bndbox>
	</object>
	<object>
		<name>white-bishop</name>
		<pose>Unspecified</pose>
		<truncated>0</truncated>
		<difficult>0</difficult>
		<occluded>0</occluded>
		<bndbox>
			<xmin>46</xmin>
			<xmax>73</xmax>
			<ymin>247</ymin>
			<ymax>305</ymax>
		</bndbox>
	</object>
	<object>
		<name>white-rook</name>
		<pose>Unspecified</pose>
		<truncated>0</truncated>
		<difficult>0</difficult>
		<occluded>0</occluded>
		<bndbox>
			<xmin>70</xmin>
			<xmax>93</xmax>
			<ymin>11</ymin>
			<ymax>61</ymax>
		</bndbox>
	</object>
	<object>
		<name>white-rook</name>
		<pose>Unspecified</pose>
		<truncated>0</truncated>
		<difficult>0</difficult>
		<occluded>0</occluded>
		<bndbox>
			<xmin>40</xmin>
			<xmax>70</xmax>
			<ymin>307</ymin>
			<ymax>363</ymax>
		</bndbox>
	</object>
	<object>
		<name>white-pawn</name>
		<pose>Unspecified</pose>
		<truncated>0</truncated>
		<difficult>0</difficult>
		<occluded>0</occluded>
		<bndbox>
			<xmin>101</xmin>
			<xmax>120</xmax>
			<ymin>17</ymin>
			<ymax>58</ymax>
		</bndbox>
	</object>
	<object>
		<name>white-pawn</name>
		<pose>Unspecified</pose>
		<truncated>0</truncated>
		<difficult>0</difficult>
		<occluded>0</occluded>
		<bndbox>
			<xmin>103</xmin>
			<xmax>122</xmax>
			<ymin>50</ymin>
			<ymax>92</ymax>
		</bndbox>
	</object>
	<object>
		<name>white-pawn</name>
		<pose>Unspecified</pose>
		<truncated>0</truncated>
		<difficult>0</difficult>
		<occluded>0</occluded>
		<bndbox>
			<xmin>98</xmin>
			<xmax>117</xmax>
			<ymin>85</ymin>
			<ymax>127</ymax>
		</bndbox>
	</object>
	<object>
		<name>white-pawn</name>
		<pose>Unspecified</pose>
		<truncated>0</truncated>
		<difficult>0</difficult>
		<occluded>0</occluded>
		<bndbox>
			<xmin>98</xmin>
			<xmax>119</xmax>
			<ymin>120</ymin>
			<ymax>160</ymax>
		</bndbox>
	</object>
	<object>
		<name>white-pawn</name>
		<pose>Unspecified</pose>
		<truncated>0</truncated>
		<difficult>0</difficult>
		<occluded>0</occluded>
		<bndbox>
			<xmin>97</xmin>
			<xmax>119</xmax>
			<ymin>160</ymin>
			<ymax>204</ymax>
		</bndbox>
	</object>
	<object>
		<name>white-pawn</name>
		<pose>Unspecified</pose>
		<truncated>0</truncated>
		<difficult>0</difficult>
		<occluded>0</occluded>
		<bndbox>
			<xmin>94</xmin>
			<xmax>116</xmax>
			<ymin>206</ymin>
			<ymax>251</ymax>
		</bndbox>
	</object>
	<object>
		<name>white-pawn</name>
		<pose>Unspecified</pose>
		<truncated>0</truncated>
		<difficult>0</difficult>
		<occluded>0</occluded>
		<bndbox>
			<xmin>90</xmin>
			<xmax>113</xmax>
			<ymin>255</ymin>
			<ymax>301</ymax>
		</bndbox>
	</object>
	<object>
		<name>white-pawn</name>
		<pose>Unspecified</pose>
		<truncated>0</truncated>
		<difficult>0</difficult>
		<occluded>0</occluded>
		<bndbox>
			<xmin>86</xmin>
			<xmax>112</xmax>
			<ymin>312</ymin>
			<ymax>357</ymax>
		</bndbox>
	</object>
</annotation>
