<annotation>
	<folder></folder>
	<filename>bb54af2f0b83b174aecc29328c8fa001_jpg.rf.3224d475bfa4e44af5b808c58d411c4d.jpg</filename>
	<path>bb54af2f0b83b174aecc29328c8fa001_jpg.rf.3224d475bfa4e44af5b808c58d411c4d.jpg</path>
	<source>
		<database>roboflow.ai</database>
	</source>
	<size>
		<width>416</width>
		<height>416</height>
		<depth>3</depth>
	</size>
	<segmented>0</segmented>
	<object>
		<name>white-knight</name>
		<pose>Unspecified</pose>
		<truncated>0</truncated>
		<difficult>0</difficult>
		<occluded>0</occluded>
		<bndbox>
			<xmin>140</xmin>
			<xmax>161</xmax>
			<ymin>76</ymin>
			<ymax>127</ymax>
		</bndbox>
	</object>
</annotation>
