<annotation>
	<folder></folder>
	<filename>c46bf04050a2a9323dfe563e8813602f_jpg.rf.4da1d855a20ec2d0deff03a46d8363c9.jpg</filename>
	<path>c46bf04050a2a9323dfe563e8813602f_jpg.rf.4da1d855a20ec2d0deff03a46d8363c9.jpg</path>
	<source>
		<database>roboflow.ai</database>
	</source>
	<size>
		<width>416</width>
		<height>416</height>
		<depth>3</depth>
	</size>
	<segmented>0</segmented>
	<object>
		<name>white-king</name>
		<pose>Unspecified</pose>
		<truncated>0</truncated>
		<difficult>0</difficult>
		<occluded>0</occluded>
		<bndbox>
			<xmin>208</xmin>
			<xmax>234</xmax>
			<ymin>133</ymin>
			<ymax>212</ymax>
		</bndbox>
	</object>
</annotation>
