<annotation>
	<folder></folder>
	<filename>c733616ab773817dd1a356dbbdf2ee33_jpg.rf.a3c3194c8e748b8ab26858a2646ba856.jpg</filename>
	<path>c733616ab773817dd1a356dbbdf2ee33_jpg.rf.a3c3194c8e748b8ab26858a2646ba856.jpg</path>
	<source>
		<database>roboflow.ai</database>
	</source>
	<size>
		<width>416</width>
		<height>416</height>
		<depth>3</depth>
	</size>
	<segmented>0</segmented>
	<object>
		<name>white-knight</name>
		<pose>Unspecified</pose>
		<truncated>0</truncated>
		<difficult>0</difficult>
		<occluded>0</occluded>
		<bndbox>
			<xmin>207</xmin>
			<xmax>231</xmax>
			<ymin>116</ymin>
			<ymax>168</ymax>
		</bndbox>
	</object>
</annotation>
