<annotation>
	<folder></folder>
	<filename>d3a4e1b8f13ef89f419251f5c5839d0d_jpg.rf.e4b5ce214ea2670fa96ab949aec57dcc.jpg</filename>
	<path>d3a4e1b8f13ef89f419251f5c5839d0d_jpg.rf.e4b5ce214ea2670fa96ab949aec57dcc.jpg</path>
	<source>
		<database>roboflow.ai</database>
	</source>
	<size>
		<width>416</width>
		<height>416</height>
		<depth>3</depth>
	</size>
	<segmented>0</segmented>
	<object>
		<name>white-pawn</name>
		<pose>Unspecified</pose>
		<truncated>0</truncated>
		<difficult>0</difficult>
		<occluded>0</occluded>
		<bndbox>
			<xmin>177</xmin>
			<xmax>198</xmax>
			<ymin>309</ymin>
			<ymax>355</ymax>
		</bndbox>
	</object>
</annotation>
