<annotation>
	<folder></folder>
	<filename>d494cb268ad7f9f55587de138edc1dc4_jpg.rf.a61a3722fe947a9e22034acaaff19a8b.jpg</filename>
	<path>d494cb268ad7f9f55587de138edc1dc4_jpg.rf.a61a3722fe947a9e22034acaaff19a8b.jpg</path>
	<source>
		<database>roboflow.ai</database>
	</source>
	<size>
		<width>416</width>
		<height>416</height>
		<depth>3</depth>
	</size>
	<segmented>0</segmented>
	<object>
		<name>white-knight</name>
		<pose>Unspecified</pose>
		<truncated>0</truncated>
		<difficult>0</difficult>
		<occluded>0</occluded>
		<bndbox>
			<xmin>52</xmin>
			<xmax>79</xmax>
			<ymin>296</ymin>
			<ymax>359</ymax>
		</bndbox>
	</object>
</annotation>
