<annotation>
	<folder></folder>
	<filename>ddad9dc4d945006d66f5349d64498559_jpg.rf.3d6e55223a3ce985572a9e46d7c6a9f8.jpg</filename>
	<path>ddad9dc4d945006d66f5349d64498559_jpg.rf.3d6e55223a3ce985572a9e46d7c6a9f8.jpg</path>
	<source>
		<database>roboflow.ai</database>
	</source>
	<size>
		<width>416</width>
		<height>416</height>
		<depth>3</depth>
	</size>
	<segmented>0</segmented>
	<object>
		<name>white-pawn</name>
		<pose>Unspecified</pose>
		<truncated>0</truncated>
		<difficult>0</difficult>
		<occluded>0</occluded>
		<bndbox>
			<xmin>174</xmin>
			<xmax>192</xmax>
			<ymin>123</ymin>
			<ymax>166</ymax>
		</bndbox>
	</object>
</annotation>
