<annotation>
	<folder></folder>
	<filename>de60ba81aa78387928e4bdc11f3be301_jpg.rf.e7b8966eca79a6758f9f2eedfcf1177c.jpg</filename>
	<path>de60ba81aa78387928e4bdc11f3be301_jpg.rf.e7b8966eca79a6758f9f2eedfcf1177c.jpg</path>
	<source>
		<database>roboflow.ai</database>
	</source>
	<size>
		<width>416</width>
		<height>416</height>
		<depth>3</depth>
	</size>
	<segmented>0</segmented>
	<object>
		<name>black-queen</name>
		<pose>Unspecified</pose>
		<truncated>0</truncated>
		<difficult>0</difficult>
		<occluded>0</occluded>
		<bndbox>
			<xmin>211</xmin>
			<xmax>236</xmax>
			<ymin>186</ymin>
			<ymax>256</ymax>
		</bndbox>
	</object>
</annotation>
