<annotation>
	<folder></folder>
	<filename>e6e3a2ff2c75970490079f00136885ad_jpg.rf.2733f54e2f320fbc9c5e0058c731d765.jpg</filename>
	<path>e6e3a2ff2c75970490079f00136885ad_jpg.rf.2733f54e2f320fbc9c5e0058c731d765.jpg</path>
	<source>
		<database>roboflow.ai</database>
	</source>
	<size>
		<width>416</width>
		<height>416</height>
		<depth>3</depth>
	</size>
	<segmented>0</segmented>
	<object>
		<name>white-queen</name>
		<pose>Unspecified</pose>
		<truncated>0</truncated>
		<difficult>0</difficult>
		<occluded>0</occluded>
		<bndbox>
			<xmin>213</xmin>
			<xmax>240</xmax>
			<ymin>233</ymin>
			<ymax>305</ymax>
		</bndbox>
	</object>
</annotation>
