<annotation>
	<folder></folder>
	<filename>e79deba8fe520409790b601ad61da4ee_jpg.rf.016bc04dee292f80d1f975931f32bc21.jpg</filename>
	<path>e79deba8fe520409790b601ad61da4ee_jpg.rf.016bc04dee292f80d1f975931f32bc21.jpg</path>
	<source>
		<database>roboflow.ai</database>
	</source>
	<size>
		<width>416</width>
		<height>416</height>
		<depth>3</depth>
	</size>
	<segmented>0</segmented>
	<object>
		<name>black-pawn</name>
		<pose>Unspecified</pose>
		<truncated>0</truncated>
		<difficult>0</difficult>
		<occluded>0</occluded>
		<bndbox>
			<xmin>208</xmin>
			<xmax>226</xmax>
			<ymin>88</ymin>
			<ymax>128</ymax>
		</bndbox>
	</object>
</annotation>
