<annotation>
	<folder></folder>
	<filename>ea799d77875c399618c45cd9409f34ee_jpg.rf.316738a20243cf9a9a408b56ccaa5616.jpg</filename>
	<path>ea799d77875c399618c45cd9409f34ee_jpg.rf.316738a20243cf9a9a408b56ccaa5616.jpg</path>
	<source>
		<database>roboflow.ai</database>
	</source>
	<size>
		<width>416</width>
		<height>416</height>
		<depth>3</depth>
	</size>
	<segmented>0</segmented>
	<object>
		<name>white-pawn</name>
		<pose>Unspecified</pose>
		<truncated>0</truncated>
		<difficult>0</difficult>
		<occluded>0</occluded>
		<bndbox>
			<xmin>173</xmin>
			<xmax>191</xmax>
			<ymin>86</ymin>
			<ymax>128</ymax>
		</bndbox>
	</object>
</annotation>
