<annotation>
	<folder></folder>
	<filename>edd285915356686fb53fb52c1ded0e53_jpg.rf.9e9b27a0d423c4ec63e6e1dd825d8ced.jpg</filename>
	<path>edd285915356686fb53fb52c1ded0e53_jpg.rf.9e9b27a0d423c4ec63e6e1dd825d8ced.jpg</path>
	<source>
		<database>roboflow.ai</database>
	</source>
	<size>
		<width>416</width>
		<height>416</height>
		<depth>3</depth>
	</size>
	<segmented>0</segmented>
	<object>
		<name>black-bishop</name>
		<pose>Unspecified</pose>
		<truncated>0</truncated>
		<difficult>0</difficult>
		<occluded>0</occluded>
		<bndbox>
			<xmin>173</xmin>
			<xmax>193</xmax>
			<ymin>38</ymin>
			<ymax>94</ymax>
		</bndbox>
	</object>
</annotation>
