<annotation>
	<folder></folder>
	<filename>f3302c754c6fd42130014199ee327d10_jpg.rf.56672ccf94cd354a96888ca0e8a8e4e0.jpg</filename>
	<path>f3302c754c6fd42130014199ee327d10_jpg.rf.56672ccf94cd354a96888ca0e8a8e4e0.jpg</path>
	<source>
		<database>roboflow.ai</database>
	</source>
	<size>
		<width>416</width>
		<height>416</height>
		<depth>3</depth>
	</size>
	<segmented>0</segmented>
	<object>
		<name>black-knight</name>
		<pose>Unspecified</pose>
		<truncated>0</truncated>
		<difficult>0</difficult>
		<occluded>0</occluded>
		<bndbox>
			<xmin>75</xmin>
			<xmax>95</xmax>
			<ymin>6</ymin>
			<ymax>61</ymax>
		</bndbox>
	</object>
</annotation>
