<annotation>
	<folder></folder>
	<filename>f3a5df526393445c6e2d38f66c1f5c27_jpg.rf.09aeba93cdea53cc6a6db62f6056ec35.jpg</filename>
	<path>f3a5df526393445c6e2d38f66c1f5c27_jpg.rf.09aeba93cdea53cc6a6db62f6056ec35.jpg</path>
	<source>
		<database>roboflow.ai</database>
	</source>
	<size>
		<width>416</width>
		<height>416</height>
		<depth>3</depth>
	</size>
	<segmented>0</segmented>
	<object>
		<name>black-knight</name>
		<pose>Unspecified</pose>
		<truncated>0</truncated>
		<difficult>0</difficult>
		<occluded>0</occluded>
		<bndbox>
			<xmin>48</xmin>
			<xmax>74</xmax>
			<ymin>297</ymin>
			<ymax>359</ymax>
		</bndbox>
	</object>
</annotation>
