<annotation>
	<folder></folder>
	<filename>f3e64e9dd12b65b941c142d142b33ef5_jpg.rf.a9db857ababa4d01d03eb09a527d29fc.jpg</filename>
	<path>f3e64e9dd12b65b941c142d142b33ef5_jpg.rf.a9db857ababa4d01d03eb09a527d29fc.jpg</path>
	<source>
		<database>roboflow.ai</database>
	</source>
	<size>
		<width>416</width>
		<height>416</height>
		<depth>3</depth>
	</size>
	<segmented>0</segmented>
	<object>
		<name>black-rook</name>
		<pose>Unspecified</pose>
		<truncated>0</truncated>
		<difficult>0</difficult>
		<occluded>0</occluded>
		<bndbox>
			<xmin>176</xmin>
			<xmax>195</xmax>
			<ymin>53</ymin>
			<ymax>100</ymax>
		</bndbox>
	</object>
</annotation>
