<annotation>
	<folder></folder>
	<filename>f587402be410b424bcbbac06e1dc6162_jpg.rf.7181098acae97a248bfa1d0586a3db69.jpg</filename>
	<path>f587402be410b424bcbbac06e1dc6162_jpg.rf.7181098acae97a248bfa1d0586a3db69.jpg</path>
	<source>
		<database>roboflow.ai</database>
	</source>
	<size>
		<width>416</width>
		<height>416</height>
		<depth>3</depth>
	</size>
	<segmented>0</segmented>
	<object>
		<name>black-knight</name>
		<pose>Unspecified</pose>
		<truncated>0</truncated>
		<difficult>0</difficult>
		<occluded>0</occluded>
		<bndbox>
			<xmin>341</xmin>
			<xmax>368</xmax>
			<ymin>295</ymin>
			<ymax>356</ymax>
		</bndbox>
	</object>
</annotation>
